query,crop
Rice leaves turning yellow,Rice
Brown spots on rice leaves,Rice
Rice crop disease symptoms,Rice
Rice pest attack,Rice

Tomato plant drying,Tomato
Tomato leaves curling,Tomato
Tomato fruit rot disease,Tomato
Tomato pest infestation,Tomato

Potato leaves turning black,Potato
Potato disease symptoms,Potato
Potato leaf blight infection,Potato
Potato pest attack,Potato

Wheat crop yellowing,Wheat
Wheat leaf rust,Wheat
Wheat disease symptoms,Wheat
Wheat pest infestation,Wheat

Corn leaves drying,Corn
Corn disease detection,Corn
Corn leaf spot infection,Corn
Corn pest attack,Corn

Cotton pest attack,Cotton
Cotton crop insects,Cotton
Cotton leaf disease,Cotton
Cotton bollworm infestation,Cotton

Banana leaf disease,Banana
Banana plant infection,Banana
Banana fruit rot,Banana
Banana pest attack,Banana

Apple leaf spots,Apple
Apple disease symptoms,Apple
Apple fruit infection,Apple
Apple pest infestation,Apple

Grape leaf fungus,Grapes
Grapes crop infection,Grapes
Grapes leaf disease,Grapes
Grapes pest attack,Grapes

Mango fruit disease,Mango
Mango crop health,Mango
Mango leaf infection,Mango
Mango pest attack,Mango

Sugarcane leaf drying,Sugarcane
Sugarcane disease detection,Sugarcane
Sugarcane pest attack,Sugarcane
Sugarcane leaf infection,Sugarcane

Onion leaf spots,Onion
Onion disease symptoms,Onion
Onion pest attack,Onion
Onion leaf infection,Onion

Chilli plant infection,Chilli
Chilli crop disease,Chilli
Chilli leaf curl disease,Chilli
Chilli pest attack,Chilli

Pepper leaf damage,Pepper
Pepper disease symptoms,Pepper
Pepper leaf infection,Pepper
Pepper pest infestation,Pepper

Coconut leaf yellowing,Coconut
Coconut tree disease,Coconut
Coconut root infection,Coconut
Coconut pest attack,Coconut

Arecanut leaf spot,Arecanut
Arecanut fruit rot,Arecanut
Arecanut yellow leaf disease,Arecanut
Arecanut pest infestation,Arecanut

Jackfruit leaf disease,Jackfruit
Jackfruit fruit infection,Jackfruit
Jackfruit tree pest attack,Jackfruit
Jackfruit crop health issue,Jackfruit

Cashew leaf spot,Cashew
Cashew pest attack,Cashew
Cashew nut disease,Cashew
Cashew crop infection,Cashew

